Block Size (KB),Throughput (MiB/s),Data Written (GB)
4,275.809,0.976562
4,278.016,1.95312
4,276.565,2.92969
4,277.719,3.90625
4,276.913,4.88281
4,277.234,5.85938
4,277.019,6.83594
4,274.234,7.8125
4,270.309,8.79004
4,276.111,9.76562
4,266.055,10.7432
4,254.031,11.7188
4,229.117,12.6963
4,223.892,13.6719
4,223.289,14.6484
4,215.547,15.626
4,257.804,16.6016
4,241.53,17.5781
4,257.195,18.5547
4,244.979,19.5312
4,267.297,20.5078
4,261.452,21.4844
4,245.82,22.4609
4,244.35,23.4375
4,270.969,24.4141
4,271.212,25.3906
4,273.789,26.3672
4,270.509,27.3438
4,272.34,28.3203
4,273.969,29.2969
4,273.078,30.2734
4,272.045,31.25
4,274.527,32.2266
4,271.396,33.2031
4,273.097,34.1797
4,271.496,35.1562
4,273.891,36.1338
4,272.761,37.1094
4,273.344,38.0859
4,273.578,39.0625
4,272.113,40.04
4,273.042,41.0156
4,274.484,41.9932
4,271.024,42.9688
4,266.73,43.9453
4,267.756,44.9219
4,261.289,45.8994
4,262.141,46.875
4,253.113,47.8525
4,268.225,48.8281
4,270.735,49.8047
4,271.336,50.7812
4,262.453,51.7578
4,272.172,52.7344
4,274.746,53.7119
4,269.366,54.6875
4,272.076,55.6641
4,271.074,56.6406
4,272.174,57.6172
4,271.727,58.5938
4,271.411,59.5703
4,271.586,60.5469
4,271.682,61.5234
4,269.129,62.5
4,269.062,63.4766
4,255.332,64.4531
4,271.466,65.4297
4,266.066,66.4062
4,268.291,67.3828
4,272.062,68.3594
4,270.892,69.3359
4,224.617,70.3135
4,263.185,71.2891
4,254.691,72.2656
4,271.109,73.2422
4,269.98,74.2188
4,273.57,75.1953
4,272.164,76.1719
4,272.636,77.1484
4,273.43,78.125
4,273.93,79.1016
4,268.629,80.0781
4,271.814,81.0547
4,272.82,82.0312
4,273.378,83.0078
4,273.168,83.9844
4,273.457,84.9609
4,274.355,85.9375
4,273.003,86.9141
4,271.895,87.8916
4,273.331,88.8672
4,274.336,89.8438
4,273.441,90.8203
4,273.645,91.7969
4,273.336,92.7734
4,272.632,93.75
4,273.789,94.7266
4,272.851,95.7031
4,272.402,96.6797
4,273.84,97.6562
4,272.258,98.6328
4,274.536,99.6094
4,264.07,100.586
4,268.115,101.562
4,271.34,102.539
4,269.167,103.516
4,273.203,104.492
4,271.204,105.469
4,270.094,106.445
4,276.307,107.422
4,275.434,108.398
4,272.326,109.375
4,273.613,110.352
4,273.218,111.328
4,275.777,112.305
4,275.208,113.281
4,275.43,114.258
4,275.764,115.234
4,273.707,116.211
4,274.145,117.188
4,272.574,118.164
4,269.233,119.141
4,267.609,120.117
4,271.431,121.094
4,272.215,122.07
4,268.4,123.047
4,273.559,124.023
4,273.198,125
4,272.375,125.977
4,274.344,126.953
4,262.652,127.93
4,270.258,128.906
4,268.832,129.883
4,251.263,130.859
4,251.918,131.836
4,265.746,132.812
4,268.289,133.789
4,268.486,134.766
4,273.887,135.742
4,270.445,136.719
4,274.562,137.695
4,266.876,138.672
4,258.16,139.648
4,255.149,140.625
4,256.145,141.603
4,248.674,142.578
4,254.77,143.555
4,270.918,144.531
4,269.218,145.508
4,259.246,146.484
4,271.177,147.461
4,261.926,148.438
4,266.422,149.414
4,270.297,150.391
4,270.599,151.367
4,272.281,152.344
4,264.525,153.32
4,268.035,154.298
4,261.879,155.273
4,264.979,156.25
4,257.262,157.227
4,249.222,158.203
4,252.859,159.18
4,266.488,160.156
4,250.582,161.133
4,270.759,162.109
4,268.973,163.086
4,272.111,164.062
4,272.891,165.039
4,260.518,166.016
4,270.637,166.992
4,246.277,167.969
4,249.211,168.945
4,265.746,169.922
4,263.828,170.898
4,264.788,171.875
4,261.09,172.852
4,263.267,173.828
4,271.449,174.805
4,275.289,175.781
4,274.681,176.758
4,273.969,177.734
4,272.948,178.711
4,269.805,179.688
4,272.667,180.664
4,272.668,181.642
4,272.538,182.617
4,266.359,183.594
4,267.352,184.57
4,258.629,185.547
4,256.727,186.523
4,243.816,187.501
4,257.257,188.477
4,266.656,189.454
4,266.985,190.43
4,275.922,191.406
4,264.119,192.383
4,267.062,193.359
4,243.657,194.336
4,268.49,195.312
4,267.117,196.289
4,248.51,197.266
4,250.227,198.242
4,260.197,199.219
4,267.695,200.195
4,265.292,201.172
4,235.457,202.148
4,260.788,203.125
4,265.297,204.102
4,257.089,205.078
4,268.98,206.055
4,272.182,207.031
4,273.93,208.008
4,268.525,208.984
4,263.086,209.961
4,263.908,210.938
4,267.59,211.914
4,271.979,212.891
4,270.395,213.867
4,272.737,214.844
4,271.078,215.82
4,268.162,216.797
4,272.396,217.773
4,271.719,218.75
4,264.843,219.727
4,261.699,220.703
4,267.118,221.68
4,271.07,222.657
4,267.721,223.633
4,265.495,224.609
4,259.306,225.586
4,263.398,226.562
4,257.315,227.539
4,266.004,228.516
4,274.7,229.492
4,273.469,230.469
4,273.085,231.445
4,270.863,232.422
4,267.748,233.398
4,268.977,234.375
4,268.78,235.352
4,266.25,236.328
4,271.2,237.305
4,261.624,238.281
4,259.262,239.258
4,244.465,240.235
4,258.223,241.211
4,270.105,242.188
4,267.914,243.164
4,258.355,244.141
4,264.707,245.117
4,265.167,246.094
4,273.836,247.07
4,274.031,248.047
4,270.613,249.023
4,262.367,250
4,265.738,250.977
4,268.847,251.953
4,264.574,252.93
4,267.489,253.906
4,266.301,254.883
4,256.59,255.859
4,243.563,256.836
4,267.59,257.812
4,267.678,258.789
4,263.156,259.766
4,270.782,260.742
4,259.617,261.719
4,263.744,262.695
4,269.52,263.672
4,267.398,264.649
4,265.53,265.625
4,249.444,266.602
4,263.473,267.578
4,272.706,268.555
4,275.309,269.531
4,273.602,270.509
4,275.063,271.484
4,268.115,272.461
4,264.258,273.438
4,250.43,274.414
4,262.977,275.391
4,263.74,276.367
4,262.184,277.344
4,265.151,278.32
4,258.25,279.297
4,260.072,280.273
4,230.688,281.25
4,254.199,282.227
4,248.035,283.203
4,265.66,284.181
4,274.556,285.156
4,268.082,286.134
4,263.943,287.109
4,265.27,288.086
4,259.505,289.062
4,273.715,290.039
4,269.934,291.016
4,274.422,291.992
4,275.142,292.969
4,276.395,293.945
4,275.363,294.923
4,275.436,295.898
4,275.227,296.875
4,269.015,297.852
4,269.164,298.828
4,267.779,299.805
4,259.602,300.781
4,260.158,301.758
4,264.961,302.734
4,267.771,303.711
4,264.09,304.688
4,272.726,305.664
4,272.504,306.641
4,267.04,307.617
4,259.403,308.594
4,261.363,309.571
4,265.507,310.547
4,270.551,311.523
4,272.577,312.5
4,270.383,313.477
4,270.993,314.453
4,272.168,315.43
4,272.209,316.406
4,274.594,317.383
4,272.577,318.359
4,272.523,319.336
4,271.38,320.312
4,273.125,321.289
4,276.158,322.266
4,267.766,323.242
4,265.233,324.219
4,269.918,325.195
4,263.803,326.172
4,269.73,327.148
4,275.477,328.125
4,275.192,329.102
4,268.223,330.078
4,272.972,331.055
4,265.586,332.031
4,271.518,333.008
4,273.738,333.984
4,273.265,334.961
4,265.32,335.938
4,263.791,336.914
4,263.008,337.891
4,273.648,338.867
4,274.227,339.844
4,272.921,340.82
4,270.738,341.797
4,273.453,342.773
4,273.031,343.751
4,272.979,344.727
4,273.297,345.704
4,258.344,346.68
4,267.611,347.656
4,269.508,348.633
4,266.919,349.609
4,273.594,350.586
4,270.81,351.562
4,275.07,352.539
4,276.105,353.517
4,275.432,354.492
4,275.738,355.469
4,275.479,356.445
4,275.895,357.422
4,274.004,358.398
4,275.527,359.375
4,276.1,360.352
4,270.605,361.328
4,267.873,362.305
4,267.438,363.281
4,268.119,364.258
4,270.816,365.234
4,263.478,366.211
4,275.348,367.188
4,274.789,368.164
4,270.903,369.141
4,270.039,370.117
4,269.609,371.094
4,268.344,372.07
4,274.25,373.047
4,275.523,374.023
4,271.932,375
4,274.254,375.977
4,273.019,376.953
4,274.922,377.93
4,275.426,378.906
4,275.246,379.884
4,275.032,380.859
4,274.82,381.836
4,274.673,382.812
4,274.727,383.789
4,275.219,384.766
4,274.751,385.742
4,274.922,386.719
4,275.473,387.695
4,275.208,388.672
4,275.344,389.648
4,275.51,390.625
4,275.105,391.602
4,274.911,392.578
4,271.836,393.555
4,271.725,394.531
4,274.594,395.508
4,274.692,396.484
4,273.977,397.461
4,273.37,398.438
4,272.426,399.414
4,269.668,400.392
4,261.73,401.367
4,263.41,402.344
4,275.42,403.32
4,275.582,404.297
4,273.887,405.273
4,275.879,406.25
4,275.678,407.227
4,275.703,408.203
4,275.541,409.18
4,275.391,410.156
4,275.775,411.133
4,276.387,412.109
4,276.671,413.086
4,276.926,414.062
4,275.961,415.04
4,276.229,416.016
4,275.742,416.992
4,275.807,417.969
4,275.902,418.945
4,275.955,419.922
4,275.871,420.898
4,275.918,421.876
4,275.678,422.852
4,275.641,423.828
4,275.736,424.805
4,275.965,425.781
4,266.837,426.758
4,272.922,427.734
4,276.029,428.711
4,276.414,429.688
4,275.965,430.664
4,276.057,431.641
4,275.379,432.617
4,276,433.594
4,273.695,434.57
4,276.297,435.547
4,276.068,436.523
4,276.207,437.5
4,274.953,438.477
4,275.615,439.453
4,276.062,440.43
4,270.258,441.406
4,276.115,442.383
4,276.219,443.359
4,276.334,444.336
4,276.367,445.312
4,276.5,446.29
4,276.209,447.266
4,275.82,448.243
4,275.31,449.219
4,275.805,450.195
4,276.569,451.172
4,276.719,452.148
4,276.166,453.125
4,276.418,454.102
4,276.641,455.079
4,276.624,456.055
4,276.68,457.031
4,276.057,458.008
4,275.75,458.984
4,270.191,459.961
4,270.805,460.938
4,275.635,461.914
4,275.977,462.891
4,275.715,463.867
4,275.861,464.844
4,276.242,465.82
4,276.27,466.797
4,275.762,467.774
4,276.718,468.75
4,276.652,469.727
4,276.299,470.703
4,276.34,471.68
4,276.326,472.656
4,276.09,473.633
4,275.916,474.609
4,275.738,475.586
4,276.113,476.563
4,276.057,477.539
4,275.863,478.516
4,276.295,479.492
4,276.156,480.469
4,276.534,481.445
4,275.922,482.422
4,276.344,483.399
4,276.037,484.375
4,276.637,485.352
4,276.394,486.328
4,276.562,487.305
4,277.022,488.281
4,277.152,489.258
4,275.596,490.234
4,276.223,491.211
4,276.812,492.188
4,276.737,493.164
4,273.441,494.141
4,272.139,495.117
4,276.117,496.094
4,276.383,497.071
4,275.533,498.047
4,276.605,499.023
4,276.283,500
4,276.668,500.977
4,274.794,501.953
4,276.121,502.93
4,276.624,503.906
4,276.73,504.883
4,277.469,505.859
4,276.633,506.836
4,276.602,507.813
4,276.135,508.789
4,276.59,509.766
4,276.303,510.742
4,276.777,511.719
4,277.132,512.695
4,276.047,513.672
4,275.611,514.648
4,275.383,515.625
4,276.139,516.602
4,277.066,517.578
4,276.836,518.556
4,275.924,519.531
4,276.699,520.508
4,277.222,521.484
4,277.207,522.461
4,275.451,523.438
4,275.422,524.414
4,274.54,525.391
4,245.164,526.367
4,261.335,527.344
4,276.133,528.32
4,274.88,529.297
4,276.117,530.273
4,276.168,531.25
4,276.17,532.227
4,275.848,533.203
4,268.714,534.18
4,276.969,535.156
4,276.828,536.133
4,276.862,537.109
4,275.777,538.086
4,276.472,539.062
4,275.762,540.039
4,276.421,541.016
4,276.461,541.992
4,276.965,542.97
4,276.608,543.945
4,276.164,544.922
4,276.46,545.898
4,277.246,546.875
4,276.374,547.852
4,277.203,548.828
4,276.102,549.806
4,276.46,550.781
4,276.402,551.758
4,276.357,552.734
4,276.25,553.711
4,276.409,554.688
4,276.285,555.664
4,276.617,556.642
4,276.675,557.617
4,275.855,558.594
4,272.894,559.57
4,272.547,560.547
4,275.475,561.523
4,275.992,562.5
4,275.443,563.477
4,276.199,564.453
4,275.934,565.43
4,276.092,566.406
4,275.012,567.383
4,276.076,568.359
4,275.953,569.336
4,276.78,570.312
4,275.852,571.289
4,277.199,572.266
4,276.772,573.242
4,277.25,574.219
4,275.99,575.195
4,276.285,576.172
4,276.227,577.149
4,275.439,578.125
4,275.203,579.102
4,276.303,580.078
4,276.332,581.055
4,276.119,582.031
4,276.367,583.008
4,277.695,583.984
4,277.43,584.961
4,277.547,585.938
4,276.229,586.914
4,276.891,587.891
4,275.994,588.867
4,276.504,589.844
4,275.904,590.82
4,276.668,591.797
4,275.29,592.773
4,268.773,593.75
4,272.086,594.728
4,276.386,595.703
4,275.902,596.68
4,276.123,597.656
4,276.156,598.633
4,275.791,599.609
4,275.039,600.586
4,271.545,601.562
4,276.379,602.539
4,276.092,603.516
4,276.105,604.492
4,273.891,605.47
4,275.943,606.445
4,276.029,607.422
4,276.258,608.398
4,276.346,609.375
4,275.574,610.352
4,276.244,611.328
4,275.922,612.305
4,277.202,613.281
4,277.598,614.258
4,277.07,615.234
4,276.264,616.211
4,276.238,617.188
4,276.307,618.164
4,276.555,619.141
4,276.39,620.117
4,276.859,621.094
4,276.598,622.07
4,276.569,623.047
4,275.734,624.023
4,269.73,625
4,273.094,625.977
4,275.963,626.953
4,276.641,627.93
4,276.504,628.906
4,275.885,629.883
4,276.23,630.859
4,275.889,631.836
4,275.629,632.812
4,275.459,633.789
4,276.516,634.766
4,276.014,635.742
4,275.055,636.719
4,276.723,637.695
4,276.158,638.672
4,275.832,639.648
4,277.054,640.625
4,276.184,641.602
4,276.546,642.578
4,276.48,643.555
4,277.355,644.531
4,276.483,645.508
4,275.871,646.484
4,275.904,647.461
4,275.984,648.438
4,276.32,649.415
4,275.771,650.391
4,276.535,651.367
4,276.354,652.344
4,276.77,653.32
4,276.197,654.297
4,276.59,655.273
4,271.756,656.25
4,262.57,657.227
4,276.02,658.204
4,275.811,659.18
4,276.605,660.156
4,276.667,661.133
4,276.273,662.109
4,276.948,663.086
4,275.836,664.062
4,276.96,665.039
4,276.965,666.016
4,277.155,666.992
4,275.875,667.969
4,273.746,668.945
4,276.577,669.922
4,276.074,670.898
4,276.037,671.875
4,275.891,672.852
4,276.37,673.828
4,276.414,674.805
4,276.374,675.781
4,276.309,676.758
4,276.078,677.735
4,276.236,678.711
4,276.445,679.688
4,276.197,680.664
4,276.422,681.641
4,276.479,682.617
4,276.578,683.594
4,276.598,684.571
4,276.394,685.547
4,276.793,686.523
4,265.945,687.5
4,227.574,688.477
4,211.492,689.453
4,276.105,690.43
4,276.706,691.406
4,276.395,692.383
4,276.706,693.359
4,276.984,694.336
4,273.218,695.312
4,276.188,696.289
4,276.538,697.266
4,276.555,698.242
4,275.469,699.219
4,276.018,700.195
4,275.777,701.172
4,276.217,702.148
4,275.172,703.125
4,275.529,704.102
4,275.469,705.078
4,275.752,706.055
4,275.047,707.031
4,275.932,708.008
4,275.766,708.984
4,275.77,709.961
4,275.756,710.938
4,275.832,711.914
4,276.283,712.891
4,276.359,713.867
4,276.357,714.844
4,276.105,715.82
4,276.452,716.797
4,275.52,717.773
4,276.496,718.75
4,273.543,719.727
4,272.852,720.704
4,275.075,721.68
4,275.746,722.656
4,276.146,723.633
4,276.238,724.609
4,275.975,725.586
4,276.316,726.562
4,274.966,727.539
4,276.578,728.516
4,276.604,729.492
4,276.363,730.469
4,275.164,731.445
4,276.976,732.422
4,276.969,733.398
4,277.574,734.375
4,276.719,735.352
4,277.363,736.328
4,277.016,737.305
4,277.93,738.282
4,277.101,739.258
4,277.547,740.234
4,277.699,741.211
4,277.586,742.188
4,276.495,743.164
4,277.75,744.141
4,276.952,745.117
4,277.555,746.094
4,276.129,747.07
4,277.253,748.047
4,276.234,749.023
4,277.308,750
4,273.742,750.977
4,269.77,751.954
4,273.175,752.93
4,275.5,753.906
4,276.029,754.883
4,276.207,755.859
4,275.428,756.836
4,277.18,757.812
4,276.417,758.789
4,275.32,759.766
4,275.863,760.743
4,275.701,761.719
4,275.703,762.695
4,274.681,763.672
4,276.512,764.648
4,276.534,765.625
4,275.57,766.602
4,275.924,767.578
4,275.637,768.555
4,275.646,769.531
4,275.555,770.508
4,276.098,771.485
4,275.424,772.461
4,275.309,773.438
4,275.044,774.414
4,275.594,775.391
4,275.149,776.367
4,275.648,777.344
4,275.578,778.321
4,275.545,779.297
4,275.922,780.273
4,275.424,781.25
4,275.688,782.227
4,251.63,783.203
4,271.234,784.18
4,274.931,785.156
4,276.027,786.133
4,276.215,787.109
4,276.248,788.086
4,273.699,789.062
4,277.348,790.039
4,276.004,791.016
4,275.947,791.992
4,275.91,792.969
4,275.564,793.945
4,275.555,794.922
4,275.488,795.899
4,275.467,796.875
4,275.121,797.852
4,275.529,798.828
4,275.473,799.805
4,276.049,800.781
4,275.652,801.758
4,275.645,802.734
4,275.165,803.711
4,275.602,804.688
4,275.196,805.664
4,275.234,806.641
4,275.594,807.618
4,273.539,808.594
4,272.336,809.57
4,274.755,810.547
4,274.633,811.523
4,274.246,812.5
4,275.379,813.477
4,270.903,814.453
4,272.109,815.43
4,274.859,816.406
4,275.639,817.383
4,275.789,818.359
4,276.109,819.336
4,276.076,820.312
4,275.801,821.289
4,274.728,822.266
4,276.113,823.242
4,276.125,824.219
4,275.678,825.195
4,275.219,826.172
4,274.813,827.148
4,275.828,828.125
4,275.067,829.102
4,276.352,830.078
4,275.838,831.055
4,275.793,832.031
4,275.211,833.008
4,276.178,833.984
4,275.812,834.961
4,275.889,835.938
4,275.961,836.914
4,276.898,837.891
4,276.698,838.867
4,275.988,839.844
4,275.533,840.82
4,275.668,841.797
4,275.607,842.773
4,275.457,843.75
4,275.93,844.727
4,270.825,845.703
4,219.578,846.68
4,262.899,847.656
4,273.246,848.633
4,275.65,849.609
4,275.938,850.586
4,275.263,851.562
4,276.086,852.539
4,275.406,853.516
4,275.834,854.492
4,275.758,855.469
4,275.779,856.445
4,275.418,857.422
4,275.84,858.399
4,275.689,859.375
4,275.258,860.352
4,275.576,861.328
4,275.734,862.305
4,275.572,863.281
4,275.863,864.258
4,276.014,865.234
4,275.992,866.211
4,276.105,867.188
4,275.321,868.164
4,275.84,869.141
4,275.662,870.117
4,275.781,871.094
4,275.633,872.071
4,275.689,873.047
4,275.582,874.023
4,275.153,875
4,275.277,875.977
4,275.157,876.953
4,268.812,877.93
128,1609.75,0.976562
128,1606.25,1.95312
128,1601.1,2.92969
128,1616.88,3.90625
128,1602.1,4.88281
128,1610.5,5.85938
128,1597.97,6.83594
128,1599.5,7.81348
128,1588.09,8.78906
128,1592.22,9.76562
128,1571.88,10.7422
128,1596.1,11.7188
128,1599.75,12.6953
128,1584.46,13.6719
128,1599.1,14.6484
128,1588.88,15.625
128,1610.11,16.6016
128,1592.62,17.5781
128,1602.48,18.5547
128,1585.75,19.5312
128,1576.33,20.5078
128,1616.99,21.4844
128,1609.88,22.4609
128,1605.61,23.4375
128,1586,24.4141
128,1597.72,25.3906
128,1585.88,26.3672
128,1559.81,27.3438
128,1600.75,28.3213
128,1594.59,29.2969
128,1607.38,30.2744
128,1581.46,31.25
128,1599.75,32.2266
128,1589.59,33.2031
128,1588.88,34.1797
128,1580.83,35.1562
128,1599.12,36.1328
128,1601.48,37.1094
128,1595.59,38.0859
128,1606.62,39.0625
128,1593.59,40.0391
128,1576.12,41.0156
128,1595.47,41.9922
128,1590.12,42.9688
128,1586.84,43.9453
128,1599.6,44.9219
128,1602.25,45.8984
128,1588.96,46.875
128,1592.5,47.8516
128,1586.21,48.8281
128,1613.36,49.8047
128,1592.5,50.7812
128,1606.48,51.7578
128,1595,52.7344
128,1581.33,53.7109
128,1593.38,54.6885
128,1587.96,55.6641
128,1598.22,56.6406
128,1581.62,57.6172
128,1602.35,58.5938
128,1609.98,59.5703
128,1609.62,60.5469
128,1602.6,61.5234
128,1602.62,62.5
128,1588.09,63.4766
128,1592,64.4531
128,1612.36,65.4297
128,1590.38,66.4072
128,1605.23,67.3828
128,1590.46,68.3594
128,1598.25,69.3359
128,1592.22,70.3125
128,1614,71.2891
128,1581.83,72.2656
128,1587,73.2422
128,1606.36,74.2188
128,1592.88,75.1953
128,1608.23,76.1719
128,1591.75,77.1484
128,1594.22,78.125
128,1596,79.1016
128,1602.6,80.0781
128,1587.96,81.0547
128,1589,82.0312
128,1605.88,83.0078
128,1591.84,83.9844
128,1603.12,84.9609
128,1593.97,85.9375
128,1602.38,86.9141
128,1603.6,87.8906
128,1590.38,88.8682
128,1590.84,89.8438
128,1585.58,90.8203
128,1604,91.7969
128,1596.47,92.7734
128,1611.12,93.75
128,1593.22,94.7266
128,1604.5,95.7031
128,1591.97,96.6797
128,1591.12,97.6562
128,1595.22,98.6328
128,1590.46,99.6094
128,1604,100.586
128,1590.97,101.562
128,1604.62,102.539
128,1591.09,103.516
128,1613.88,104.492
128,1598.6,105.469
128,1585.58,106.445
128,1593.38,107.422
128,1589.46,108.398
128,1607.12,109.375
128,1591.47,110.352
128,1606.62,111.329
128,1586.84,112.305
128,1601.1,113.281
128,1598.5,114.258
128,1589.84,115.234
128,1592.75,116.211
128,1601.35,117.188
128,1606,118.165
128,1594.84,119.141
128,1613.99,120.117
128,1586.12,121.094
128,1607.23,122.07
128,1584,123.047
128,1598.72,124.023
128,1593.5,125
128,1584.96,125.977
128,1604.25,126.953
128,1588.84,127.93
128,1600.12,128.906
128,1592.34,129.883
128,1591,130.86
128,1589.34,131.836
128,1593.84,132.812
128,1590.38,133.789
128,1591.22,134.766
128,1606.62,135.742
128,1594.84,136.719
128,1609.62,137.695
128,1593.09,138.672
128,1590.38,139.648
128,1582.46,140.625
128,1595.72,141.602
128,1598.12,142.578
128,1600.98,143.555
128,1609.38,144.531
128,1581.46,145.508
128,1608.38,146.484
128,1593.22,147.461
128,1603.73,148.438
128,1580.38,149.414
128,1600.73,150.391
128,1596.25,151.367
128,1594.62,152.344
128,1605.35,153.32
128,1592.38,154.297
128,1605.1,155.273
128,1593.88,156.25
128,1589.96,157.227
128,1581.88,158.203
128,1601.6,159.18
128,1596.12,160.157
128,1609.61,161.133
128,1601.25,162.11
128,1584.96,163.086
128,1619.88,164.062
128,1564.69,165.039
128,1601.25,166.017
128,1584.96,166.992
128,1602.48,167.969
128,1589.38,168.945
128,1598.97,169.922
128,1605.5,170.898
128,1577.33,171.875
128,1603.85,172.852
128,1577.62,173.828
128,1596.97,174.805
128,1579.88,175.781
128,1604.73,176.758
128,1587.59,177.734
128,1583.88,178.711
128,1608.86,179.688
128,1582.75,180.664
128,1610.36,181.641
128,1587.25,182.617
128,1591.47,183.594
128,1594.84,184.57
128,1599.38,185.547
128,1594.34,186.523
128,1588.38,187.501
128,1617.87,188.477
128,1595.62,189.453
128,1600.73,190.43
128,1595.25,191.406
128,1601.48,192.383
128,1568.38,193.359
128,1592.62,194.336
128,1592.84,195.312
128,1590.75,196.289
128,1605.35,197.266
128,1599.25,198.243
128,1622.5,199.219
128,1601.48,200.195
128,1589.88,201.172
128,1592.59,202.148
128,1596.88,203.125
128,1601.85,204.102
128,1599.22,205.078
128,1607.5,206.055
128,1601.98,207.031
128,1604.38,208.008
128,1584.96,208.984
128,1607.88,209.961
128,1590.46,210.938
128,1599,211.914
128,1592.97,212.891
128,1600.12,213.868
128,1597.22,214.844
128,1585.96,215.82
128,1613,216.797
128,1599.47,217.773
128,1597.62,218.75
128,1594.59,219.727
128,1598.38,220.704
128,1582.08,221.68
128,1597.1,222.656
128,1607.12,223.633
128,1587.59,224.609
128,1618.5,225.586
128,1595.59,226.562
128,1614.38,227.54
128,1589.34,228.516
128,1590.59,229.492
128,1591.88,230.469
128,1606.23,231.445
128,1599.62,232.422
128,1591.72,233.398
128,1616.12,234.375
128,1605.48,235.352
128,1604.12,236.328
128,1592.59,237.305
128,1597.88,238.281
128,1592.34,239.258
128,1597.5,240.234
128,1595.72,241.211
128,1602.85,242.188
128,1607.38,243.164
128,1591.72,244.141
128,1624,245.117
128,1596.72,246.094
128,1599,247.07
128,1595.09,248.047
128,1602.23,249.023
128,1585.38,250
128,1601.75,250.978
128,1607.61,251.953
128,1593.88,252.93
128,1608.98,253.906
128,1598.75,254.883
128,1612.24,255.859
128,1603.62,256.836
128,1601.35,257.812
128,1584.5,258.789
128,1608.48,259.766
128,1592.84,260.742
128,1604.88,261.719
128,1609.86,262.695
128,1592.25,263.672
128,1607.36,264.648
128,1583.38,265.625
128,1615.37,266.602
128,1585.58,267.578
128,1589,268.555
128,1592.22,269.531
128,1591,270.508
128,1603.98,271.484
128,1592.62,272.461
128,1608.86,273.438
128,1595,274.415
128,1590.21,275.391
128,1591.47,276.367
128,1596.75,277.344
128,1593.59,278.32
128,1587.12,279.297
128,1606.36,280.273
128,1599.5,281.25
128,1614.61,282.227
128,1602.12,283.203
128,1601.85,284.18
128,1595.75,285.156
128,1602.98,286.133
128,1587.25,287.109
128,1602.73,288.086
128,1597.38,289.062
128,1598.47,290.039
128,1609.12,291.016
128,1597.97,291.992
128,1597.12,292.969
128,1595.97,293.945
128,1600.5,294.923
128,1579.83,295.898
128,1599.6,296.875
128,1598.5,297.852
128,1592.84,298.828
128,1612.25,299.805
128,1602.73,300.781
128,1602.6,301.758
128,1589,302.735
128,1612.36,303.711
128,1586.96,304.688
128,1592.5,305.664
128,1596.6,306.641
128,1601.38,307.617
128,1607.61,308.594
128,1596.85,309.57
128,1615.5,310.547
128,1594.59,311.523
128,1607.75,312.5
128,1589.59,313.477
128,1599.62,314.453
128,1593.59,315.43
128,1603.62,316.406
128,1597.22,317.383
128,1593.88,318.36
128,1614.24,319.336
128,1598.22,320.312
128,1599.38,321.289
128,1594.47,322.266
128,1603.12,323.243
128,1584.71,324.219
128,1599.35,325.195
128,1596.38,326.172
128,1582.08,327.148
128,1610.12,328.125
128,1597.1,329.102
128,1590.62,330.079
128,1595.85,331.055
128,1601.48,332.031
128,1594.75,333.008
128,1590.46,333.984
128,1598.38,334.961
128,1589.71,335.938
128,1605.75,336.915
128,1587.21,337.891
128,1591.97,338.867
128,1589.25,339.844
128,1596.97,340.82
128,1592.38,341.797
128,1591.97,342.773
128,1596.35,343.75
128,1583.88,344.727
128,1608.98,345.703
128,1586.25,346.68
128,1603.98,347.656
128,1591.88,348.633
128,1601.23,349.609
128,1597.22,350.586
128,1597.62,351.562
128,1597.72,352.539
128,1591.5,353.516
128,1614.86,354.492
128,1590.34,355.469
128,1604.62,356.445
128,1589.09,357.422
128,1604.62,358.398
128,1586.46,359.375
128,1594.88,360.352
128,1600.98,361.328
128,1589,362.305
128,1612.36,363.281
128,1590.12,364.259
128,1601.98,365.234
128,1587.59,366.211
128,1603,367.188
128,1596.85,368.164
128,1599.12,369.141
128,1603.35,370.117
128,1590.34,371.094
128,1605.88,372.07
128,1586.84,373.047
128,1597.12,374.023
128,1587.21,375
128,1605.75,375.977
128,1594.47,376.953
128,1600.25,377.93
128,1603.85,378.906
128,1597.75,379.884
128,1601.6,380.859
128,1585.33,381.836
128,1613,382.812
128,1588.84,383.789
128,1607.62,384.766
128,1594.47,385.742
128,1616.87,386.719
128,1592.12,387.695
128,1604.23,388.672
128,1612.75,389.648
128,1587.21,390.625
128,1614.62,391.602
128,1595.85,392.578
128,1619.99,393.555
128,1590,394.531
128,1613.99,395.508
128,1593.25,396.484
128,1618.12,397.461
128,1605.25,398.438
128,1603.23,399.414
128,1603.48,400.391
128,1597.62,401.367
128,1616.37,402.344
128,1596,403.32
128,1616.74,404.297
128,1606.62,405.274
128,1612.86,406.25
128,1606.11,407.227
128,1607.5,408.203
128,1595.09,409.18
128,1590.46,410.156
128,1618.88,411.133
128,1594.34,412.109
128,1616.12,413.086
128,1606.61,414.062
128,1609.12,415.04
128,1593.59,416.016
128,1610.61,416.992
128,1597.25,417.969
128,1605.23,418.945
128,1605.5,419.922
128,1588.09,420.898
128,1622.25,421.876
128,1602.23,422.852
128,1616.87,423.828
128,1600.38,424.805
128,1609.23,425.781
128,1602.12,426.758
128,1603.35,427.734
128,1597.25,428.712
128,1604.48,429.688
128,1603.73,430.664
128,1602.12,431.641
128,1624,432.617
128,1601.88,433.594
128,1609.23,434.57
128,1596.5,435.548
128,1616.24,436.523
128,1589.96,437.5
128,1599.25,438.477
128,1600.98,439.453
128,1601,440.43
128,1608.61,441.406
128,1601.38,442.383
128,1619.75,443.359
128,1594.84,444.336
128,1608.25,445.312
128,1595.85,446.289
128,1596.62,447.266
128,1592.59,448.242
128,1598.12,449.22
128,1604.73,450.195
128,1598.22,451.172
128,1612.62,452.148
128,1595.47,453.125
128,1607.5,454.102
128,1594.47,455.078
128,1598.25,456.055
128,1593.97,457.031
128,1598,458.009
128,1599.35,458.984
128,1602.6,459.961
128,1615,460.938
128,1593.59,461.914
128,1615.62,462.891
128,1596.97,463.867
128,1586.12,464.845
128,1601.35,465.82
128,1608.86,466.797
128,1599.25,467.773
128,1606.36,468.75
128,1602,469.727
128,1595.34,470.703
128,1621,471.681
128,1596.6,472.656
128,1615.99,473.633
128,1586.46,474.609
128,1605.62,475.586
128,1587.09,476.562
128,1604.5,477.539
128,1598.47,478.516
128,1606.5,479.492
128,1603.98,480.469
128,1600.62,481.446
128,1618.24,482.422
128,1592.72,483.398
128,1606.38,484.375
128,1593.59,485.352
128,1608.5,486.328
128,1593.72,487.305
128,1601.75,488.282
128,1610.86,489.258
128,1597.1,490.234
128,1621.25,491.211
128,1600.35,492.188
128,1613.88,493.164
128,1597.72,494.141
128,1614.25,495.117
128,1596.97,496.094
128,1612,497.07
128,1608.23,498.047
128,1601.62,499.023
128,1611.24,500
128,1601.5,500.977
128,1597.1,501.953
128,1596.6,502.93
128,1609.25,503.906
128,1602.85,504.883
128,1604.12,505.859
128,1593.09,506.836
128,1600.25,507.812
128,1612.36,508.789
128,1602.75,509.766
128,1615.11,510.742
128,1602.38,511.72
128,1612.24,512.695
128,1598.6,513.672
128,1615.75,514.648
128,1597.35,515.625
128,1612.62,516.602
128,1599.1,517.578
128,1596.62,518.555
128,1613.24,519.531
128,1606.5,520.509
128,1610.74,521.484
128,1596.22,522.461
128,1617.5,523.438
128,1601.85,524.414
128,1603.62,525.391
128,1598.35,526.367
128,1606.75,527.344
128,1600.73,528.32
128,1601.98,529.297
128,1603.12,530.273
128,1605.23,531.25
128,1609.62,532.227
128,1590.97,533.203
128,1609.25,534.18
128,1596.72,535.156
128,1609.38,536.133
128,1599.22,537.109
128,1599.5,538.087
128,1600.85,539.062
128,1600.98,540.039
128,1604.88,541.016
128,1592.97,541.992
128,1619.5,542.969
128,1593.47,543.945
128,1607.61,544.922
128,1596.12,545.898
128,1608.86,546.875
128,1595.88,547.852
128,1604.35,548.828
128,1595.5,549.805
128,1593.09,550.781
128,1609.5,551.759
128,1595.34,552.734
128,1603.75,553.712
128,1594.84,554.688
128,1609.73,555.664
128,1587.62,556.641
128,1610.36,557.617
128,1597.38,558.594
128,1590.84,559.57
128,1606.38,560.547
128,1592.72,561.523
128,1616.12,562.501
128,1595.85,563.477
128,1607.11,564.453
128,1603.88,565.43
128,1604.73,566.406
128,1582,567.383
128,1603.85,568.359
128,1588,569.336
128,1591.34,570.312
128,1617.25,571.29
128,1603.48,572.266
128,1620.75,573.242
128,1596.38,574.219
128,1608.86,575.195
128,1606.75,576.172
128,1558.81,577.148
128,1605.25,578.125
128,1617.74,579.102
128,1613.49,580.078
128,1609.5,581.055
128,1613.86,582.031
128,1607,583.008
128,1620.12,583.984
128,1579.38,584.961
128,1615.24,585.938
128,1606.25,586.915
128,1606.11,587.891
128,1605.73,588.867
128,1608.62,589.844
128,1577.95,590.82
128,1596.38,591.798
128,1624.75,592.773
128,1605.73,593.75
128,1620.75,594.727
128,1596.97,595.703
128,1623.25,596.68
128,1597.1,597.656
128,1607.88,598.634
128,1606.73,599.609
128,1613.24,600.586
128,1612.38,601.562
128,1609.36,602.539
128,1621.5,603.516
128,1612.11,604.492
128,1624.5,605.469
128,1609.23,606.445
128,1602.62,607.423
128,1594.72,608.398
128,1633.13,609.375
128,1587.12,610.352
128,1611.86,611.328
128,1613.12,612.305
128,1613.36,613.281
128,1617.5,614.258
128,1613.11,615.234
128,1611.74,616.211
128,1600.88,617.188
128,1606.11,618.164
128,1605.75,619.141
128,1611.49,620.117
128,1611.75,621.094
128,1621.12,622.07
128,1613.38,623.048
128,1614.24,624.023
128,1608.36,625
128,1604,625.977
128,1616.99,626.953
128,1599,627.93
128,1617.99,628.906
128,1596.75,629.883
128,1606.11,630.859
128,1601.62,631.836
128,1606.61,632.812
128,1596,633.789
128,1600.98,634.766
128,1600.62,635.742
128,1595.59,636.719
128,1618.75,637.695
128,1593.34,638.672
128,1615.5,639.648
128,1597.22,640.625
128,1604.62,641.602
128,1603.48,642.578
128,1603.85,643.555
128,1596.12,644.531
128,1595.88,645.509
128,1615.11,646.484
128,1593.38,647.461
128,1615.87,648.438
128,1589.21,649.414
128,1611.12,650.391
128,1597.35,651.367
128,1601.12,652.344
128,1590.97,653.32
128,1597.12,654.297
128,1602.6,655.273
128,1594.75,656.25
128,1615.24,657.227
128,1595.88,658.203
128,1607.36,659.18
128,1599.38,660.156
128,1604.98,661.133
128,1599.88,662.109
128,1597.1,663.086
128,1591.75,664.062
128,1590.97,665.039
128,1617.5,666.016
128,1597.85,666.992
128,1611.75,667.97
128,1600.47,668.945
128,1595.62,669.923
128,1591.97,670.898
128,1606.88,671.875
128,1593.97,672.852
128,1593.72,673.828
128,1596.25,674.805
128,1601.73,675.781
128,1614.5,676.758
128,1593.34,677.734
128,1603.38,678.711
128,1586.09,679.688
128,1614.12,680.665
128,1598.6,681.641
128,1590.34,682.617
128,1610,683.594
128,1597.47,684.57
128,1611.25,685.547
128,1589.34,686.523
128,1605.25,687.5
128,1595.97,688.477
128,1613,689.454
128,1595.09,690.43
128,1613.5,691.406
128,1589.09,692.383
128,1558.62,693.36
128,1610.61,694.336
128,1520.25,695.313
128,1643.89,696.289
128,1600.25,697.267
128,1589.71,698.242
128,1655.78,699.219
128,1567.75,700.195
128,1656.16,701.172
128,1613.25,702.148
128,1681.31,703.125
128,1636.38,704.102
128,1671.8,705.078
128,1631.38,706.055
128,1627.5,707.031
128,1566,708.008
128,1664.91,708.984
128,1635.88,709.961
128,1676.43,710.938
128,1642.5,711.914
128,1669.42,712.891
128,1604.88,713.867
128,1630.75,714.844
128,1637.75,715.82
128,1686.06,716.797
128,1958.75,717.773
128,1966.72,718.75
128,1961.75,719.727
128,1960.62,720.703
128,1942.19,721.68
128,1940.88,722.656
128,1952.2,723.633
128,1951.62,724.609
128,1953.45,725.586
128,1963,726.562
128,1962.96,727.539
128,1954.88,728.516
128,1950.7,729.492
128,1957.12,730.469
128,1954.5,731.446
128,1954.08,732.422
128,1951.88,733.398
128,1957.83,734.375
128,1533.5,735.352
128,1445.82,736.328
128,1414.25,737.305
128,1405.25,738.282
128,1441.19,739.258
128,1453.88,740.234
128,1432.93,741.211
128,1410.12,742.188
128,1441.19,743.164
128,1429.62,744.141
128,1410.54,745.117
128,1419,746.094
128,1412.5,747.071
128,1398.77,748.047
128,1409.78,749.023
128,1455.5,750
128,1418.79,750.977
128,1405.88,751.953
128,1421.92,752.93
128,1441.38,753.906
128,1393.64,754.883
128,1395.25,755.859
128,1439.94,756.836
128,1419.5,757.812
128,1407.03,758.789
128,1437.62,759.767
128,1442.57,760.742
128,1417.25,761.719
128,1413.04,762.695
128,1409.41,763.672
128,1417.38,764.649
128,1399.52,765.625
128,1402.9,766.602
128,1402.38,767.578
128,1421.8,768.555
128,1401,769.531
128,1414.79,770.508
128,1411.66,771.484
128,1408,772.461
128,1405.15,773.438
128,1415.92,774.414
128,1425.5,775.391
128,1400.53,776.367
128,1407.5,777.344
128,1405.78,778.32
128,1416,779.298
128,1411.54,780.273
128,1416.42,781.25
128,1415.5,782.227
128,1410.16,783.203
128,1403.5,784.181
128,1397.52,785.156
128,1423,786.133
128,1404.4,787.109
128,1413.79,788.086
128,1407,789.062
128,1406.28,790.039
128,1400,791.016
128,1408.03,791.992
128,1437.38,792.969
128,1401.03,793.945
128,1413.41,794.922
128,1410.62,795.898
128,1413.16,796.875
128,1384.38,797.852
128,1414.41,798.828
128,1415.62,799.806
128,1411.29,800.781
128,1405.41,801.758
128,1394.62,802.734
128,1416.42,803.711
128,1395.52,804.688
128,1413.25,805.664
128,1407.28,806.641
128,1408.88,807.617
128,1394.77,808.594
128,1406,809.571
128,1419.04,810.547
128,1421.05,811.523
128,1418.5,812.5
128,1411.91,813.477
128,1418.12,814.454
128,1389.39,815.43
128,1408.91,816.406
128,1408.38,817.383
128,1410.16,818.359
128,1399.25,819.336
128,1408.03,820.312
128,1413.88,821.289
128,1407.28,822.266
128,1421.5,823.242
128,1410.66,824.219
128,1420.75,825.195
128,1395.02,826.172
128,1405.78,827.148
128,1406.88,828.125
128,1405.28,829.102
128,1409.12,830.079
128,1414.41,831.055
128,1414.41,832.031
128,1396,833.008
128,1416.17,833.984
128,1408.75,834.961
128,1429.8,835.938
128,1402.65,836.914
128,1402.62,837.891
128,1408.03,838.867
128,1402.12,839.844
128,1406.03,840.82
128,1420,841.797
128,1416.29,842.773
128,1410.62,843.75
128,1413.41,844.727
128,1406.88,845.703
128,1409.03,846.68
128,1394.88,847.656
128,1404.65,848.633
128,1407.38,849.609
128,1404.9,850.586
128,1404.03,851.562
128,1404.75,852.539
128,1419.54,853.516
128,1411.62,854.492
128,1403.4,855.469
128,1411.54,856.445
128,1403,857.422
128,1395.39,858.398
128,1395.88,859.375
128,1423.92,860.352
128,1403.78,861.328
128,1415.5,862.305
128,1398.77,863.281
128,1416.25,864.258
128,1385.76,865.234
128,1420,866.211
128,1422.67,867.188
128,1411.16,868.164
128,1399,869.141
128,1390.39,870.117
128,1407.5,871.094
128,1417.04,872.07
128,1420.75,873.048
128,1403.78,874.023
128,1417.54,875
128,1392.5,875.977
128,1403.78,876.953
128,1422.62,877.931
512,1488,0.976562
512,1076.08,1.95312
512,1357,2.93066
512,1441.44,3.90625
512,1477.48,4.88281
512,1232.23,5.85938
512,1385.5,6.83691
512,1234.5,7.81348
512,1347.85,8.79004
512,1308.81,9.76562
512,1286.79,10.7422
512,1379.38,11.7188
512,1249.25,12.6953
512,1407.41,13.6719
512,1229.73,14.6484
512,1424.42,15.625
512,1206.5,16.6016
512,1397.9,17.5781
512,1215.5,18.5557
512,1439.94,19.5312
512,1215.21,20.5078
512,1467.47,21.4844
512,1151.65,22.4609
512,1521.5,23.4375
512,1247.25,24.4141
512,1526.03,25.3906
512,1242.74,26.3672
512,1516.52,27.3438
512,1243.5,28.3203
512,1503,29.2969
512,1278.28,30.2734
512,1499,31.25
512,1271.77,32.2266
512,1490.99,33.2031
512,1323,34.1797
512,1474.97,35.1562
512,1321.82,36.1328
512,1452,37.1094
512,1351.35,38.0859
512,1426.93,39.0625
512,1345.34,40.0391
512,1422.92,41.0156
512,1390.5,41.9932
512,1393.39,42.9688
512,1401.4,43.9453
512,1379.88,44.9219
512,1423.42,45.8984
512,1381.38,46.875
512,1440.94,47.8516
512,1370.37,48.8281
512,1438,49.8047
512,1369,50.7812
512,1538.04,51.7578
512,1424.5,52.7354
512,1443.94,53.7109
512,1435.43,54.6875
512,1419.42,55.6641
512,1451.45,56.6406
512,1407.91,57.6172
512,1474,58.5938
512,1404.4,59.5703
512,1486.99,60.5469
512,1371.37,61.5234
512,1527.5,62.501
512,1377.88,63.4766
512,1553.55,64.4531
512,1360.5,65.4297
512,1540,66.4072
512,1331.33,67.3828
512,1517.52,68.3594
512,1385,69.3359
512,1529.03,70.3125
512,1376.38,71.2891
512,1511.51,72.2656
512,1396.9,73.2422
512,1506.51,74.2188
512,1413,75.1963
512,1501.5,76.1719
512,1445.5,77.1484
512,1505,78.125
512,1462.46,79.1016
512,1468.97,80.0781
512,1474.97,81.0547
512,1484.98,82.0312
512,1470,83.0078
512,1461.96,83.9844
512,1497.5,84.9619
512,1470.97,85.9375
512,1499.5,86.9141
512,1442.44,87.8906
512,1495.5,88.8672
512,1449,89.8438
512,1513.01,90.8203
512,1414.91,91.7969
512,1570,92.7734
512,1409.91,93.75
512,1563.56,94.7266
512,1407.41,95.7031
512,1554.55,96.6797
512,1388.39,97.6562
512,1571.5,98.6338
512,1408.91,99.6094
512,1586.59,100.586
512,1415.42,101.562
512,1563,102.54
512,1430.93,103.517
512,1560.56,104.492
512,1421.42,105.469
512,1551,106.445
512,1411,107.423
512,1559.56,108.399
512,1457.46,109.375
512,1535.5,110.352
512,1438.44,111.328
512,1540.04,112.305
512,1448.45,113.281
512,1471,114.259
512,1525.53,115.235
512,1479.03,116.283
512,1525.5,117.261
512,1483,118.237
512,1463,119.215
512,1494.5,120.192
512,1546.45,121.17
512,1503,122.147
512,1488.5,123.125
512,1519,124.102
512,1487.5,125.079
512,1526,126.057
512,1470,127.033
512,1525,128.011
512,1439.5,128.987
512,1546.5,129.965
512,1466.53,130.942
512,1524,131.92
512,1441,132.897
512,1564.44,133.875
512,1450,134.853
512,1557.5,135.829
512,1436.5,136.807
512,1562.44,137.784
512,1448.5,138.762
512,1444,139.739
512,1574,140.717
512,1442,141.694
512,1435.06,142.672
512,1568.5,143.648
512,1466.5,144.626
512,1531,145.604
512,1483.02,146.581
512,1543,147.559
512,1462.5,148.536
512,1544.5,149.514
512,1491,150.49
512,1521.5,151.468
512,1487,152.445
512,1531,153.423
512,1501.5,154.399
512,1533,155.377
512,1482.5,156.354
512,1495,157.331
512,1510.99,158.309
512,1494,159.286
512,1526.5,160.264
512,1506.5,161.241
512,1523.5,162.219
512,1502,163.196
512,1539.96,164.174
512,1449.5,165.151
512,1488,166.129
512,1528.47,167.106
512,1498.5,168.083
512,1564,169.061
512,1442.56,170.038
512,1501.5,171.016
512,1575,171.993
512,1556,172.97
512,1470.5,173.947
512,1459.5,174.925
512,1473.5,175.902
512,1486,176.88
512,1461,177.857
512,1464,178.834
512,1469,179.812
512,1468.5,180.789
512,1480,181.767
512,1488.5,182.743
512,1470,183.721
512,1476,184.698
512,1473,185.675
512,1485.5,186.652
512,1480,187.629
512,1461.5,188.606
512,1459,189.584
512,1571.5,190.562
512,1509.5,191.538
512,1463,192.516
512,1478.02,193.493
512,1479.5,194.471
512,1458,195.448
512,1449,196.426
512,1480.5,197.402
512,1465.5,198.38
512,1478.5,199.357
512,1479.5,200.335
512,1469.53,201.312
512,1487.5,202.289
512,1466,203.267
512,1469.5,204.244
512,1484.48,205.22
512,1487.49,206.196
512,1470.5,207.174
512,1468.97,208.149
512,1479.5,209.127
512,1491.49,210.103
512,1482,211.08
512,1521.52,212.056
512,1504,213.032
512,1503.5,214.01
512,1550.05,214.985
512,1551.55,215.962
512,1531.03,216.938
512,1503.5,217.916
512,1557.06,218.892
512,1527,219.869
512,1509.01,220.845
512,1510.51,221.821
512,1520.52,222.798
512,1511.01,223.774
512,1506,224.751
512,1524.52,225.728
512,1537.54,226.704
512,1509.49,227.682
512,1516.02,228.657
512,1510.01,229.634
512,1518.52,230.61
512,1516.5,231.587
512,1514.01,232.563
512,1520.52,233.54
512,1490,234.517
512,1515.01,235.493
512,1538.54,236.47
512,1541.04,237.446
512,1549,238.423
512,1529.53,239.399
512,1532.03,240.376
512,1509.5,241.353
512,1543.04,242.329
512,1511.01,243.305
512,1520.5,244.282
512,1524.52,245.259
512,1513.01,246.234
512,1537,247.212
512,1532.53,248.188
512,1509.51,249.165
512,1511.01,250.141
512,1543,251.118
512,1587.09,252.095
512,1587.5,253.071
512,1522.52,254.047
512,1567.5,255.024
512,1557.56,256.001
512,1543.04,256.977
512,1533.5,257.954
512,1517.5,258.931
512,1534.03,259.906
512,1590,260.884
512,1529.03,261.86
512,1538.04,262.836
512,1530,263.813
512,1529.03,264.789
512,1535,265.767
512,1522.02,266.743
512,1577.08,267.719
512,1551.55,268.695
512,1587.5,269.673
512,1544.04,270.648
512,1567.57,271.625
512,1553.5,272.603
512,1552.55,273.578
512,1528.53,274.555
512,1537,275.532
512,1548.05,276.508
512,1544.54,277.484
512,1537,278.462
512,1543.04,279.438
512,1584.08,280.414
512,1531.53,281.391
512,1529.5,282.367
512,1587.09,283.344
512,1552,284.32
512,1520.02,285.297
512,1542,286.274
512,1589.09,287.25
512,1530.03,288.227
512,1536.5,289.203
512,1541.04,290.18
512,1543,291.156
512,1542.54,292.133
512,1540.04,293.109
512,1584.5,294.086
512,1517.02,295.062
512,1572,296.039
512,1555,297.016
512,1558.56,297.992
512,1553.05,298.969
512,1517.5,299.945
512,1527.53,300.922
512,1560.06,301.897
512,1560.5,302.875
512,1581.08,303.852
512,1582.5,304.828
512,1589.09,305.804
512,1587,306.781
512,1565.57,307.758
512,1540.04,308.733
512,1567,309.711
512,1567.57,310.688
512,1560.5,311.664
512,1579.58,312.641
512,1571.57,313.616
512,1575,314.594
512,1587.59,315.569
512,1561.5,316.547
512,1546.05,317.523
512,1566.57,318.499
512,1559,319.477
512,1583.08,320.452
512,1544.04,321.429
512,1582.5,322.406
512,1571.07,323.382
512,1564.06,324.358
512,1558.5,325.336
512,1563.06,326.312
512,1578,327.289
512,1575.07,328.266
512,1575.58,329.241
512,1573.57,330.218
512,1575,331.195
512,1554.05,332.171
512,1558.06,333.147
512,1587,334.125
512,1580.08,335.101
512,1562.56,336.077
512,1554,337.055
512,1578.08,338.031
512,1555.55,339.007
512,1590.5,339.984
512,1551.55,340.96
512,1537.04,341.937
512,1561.5,342.913
512,1573.57,343.89
512,1548.5,344.866
512,1588.09,345.843
512,1553.05,346.819
512,1560,347.796
512,1561.06,348.772
512,1570,349.749
512,1570.07,350.726
512,1565.5,351.702
512,1570.57,352.679
512,1566.07,353.655
512,1556.5,354.632
512,1556.56,355.608
512,1552.05,356.585
512,1565.5,357.562
512,1562.56,358.538
512,1559.5,359.515
512,1578.58,360.491
512,1546.05,361.468
512,1566,362.444
512,1560.56,363.421
512,1596.5,364.397
512,1582.58,365.374
512,1590.09,366.351
512,1583.5,367.327
512,1584.58,368.304
512,1583.08,369.28
512,1551,370.257
512,1558.06,371.233
512,1566.57,372.21
512,1570,373.187
512,1568.57,374.163
512,1580.08,375.14
512,1587,376.116
512,1561.06,377.093
512,1594,378.069
512,1564.06,379.046
512,1552.55,380.021
512,1589.5,380.999
512,1560.06,381.976
512,1577.5,382.952
512,1552.55,383.929
512,1558.56,384.904
512,1571,385.882
512,1568.07,386.858
512,1569.57,387.834
512,1577.5,388.812
512,1570.57,389.788
512,1554.55,390.765
512,1577,391.741
512,1586.59,392.718
512,1574.07,393.694
512,1580.5,394.671
512,1582.08,395.647
512,1574.07,396.623
512,1575.5,397.601
512,1565.06,398.577
512,1584.08,399.553
512,1576,400.53
512,1588.59,401.506
512,1567.5,402.483
512,1577.08,403.459
512,1565,404.437
512,1578.08,405.412
512,1583,406.39
512,1571.07,407.365
512,1602,408.342
512,1592,409.319
512,1584.58,410.295
512,1576.58,411.271
512,1585.5,412.249
512,1575.58,413.226
512,1558.56,414.201
512,1580.58,415.178
512,1567,416.154
512,1588.09,417.131
512,1573.5,418.107
512,1559.56,419.084
512,1580.5,420.062
512,1572.57,421.037
512,1583,422.015
512,1570.57,422.991
512,1539.04,423.967
512,1580.08,424.943
512,1594,425.92
512,1584.58,426.896
512,1582.5,427.874
512,1601.6,428.85
512,1547.05,429.826
512,1588.5,430.803
512,1551.55,431.779
512,1570.5,432.757
512,1562.06,433.732
512,1575.58,434.709
512,1600.6,435.686
512,1559.5,436.663
512,1570.57,437.639
512,1562.06,438.615
512,1557,439.593
512,1583.08,440.568
512,1573.57,441.545
512,1578,442.521
512,1246.25,443.498
512,1412.5,444.476
512,1346.85,445.451
512,987.987,446.428
512,1071.07,447.404
512,437.5,448.381
512,418.918,449.357
512,419.919,450.334
512,446.446,451.311
512,569.5,452.287
512,575.575,453.264
512,547.5,454.24
512,420.42,455.217
512,404.404,456.192
512,997,457.17
512,1514.51,458.146
512,1231.73,459.123
512,443.943,460.1
512,463.964,461.076
512,459.959,462.052
512,429.5,463.029
512,436.436,464.006
512,437.437,464.982
512,431,465.959
512,436.436,466.936
512,430,467.912
512,1144.14,468.889
512,1577.08,469.864
512,1567,470.842
512,942.442,471.818
512,423.5,472.795
512,400.9,473.771
512,415,474.748
512,394.5,475.725
512,379.379,476.7
512,468.969,477.677
512,450,478.654
512,417.417,479.63
512,410,480.607
512,414.914,481.583
512,410.41,482.56
512,414.5,483.536
512,408,484.513
512,784.784,485.489
512,1593,486.467
512,1566.57,487.442
512,1514.51,488.419
512,532,489.396
512,441.441,490.372
512,435,491.349
512,438.438,492.325
512,434.434,493.302
512,507.007,494.278
512,632.5,495.256
512,568.568,496.232
512,445.445,497.208
512,431,498.185
512,439,499.162
512,433.5,500.139
512,431.5,501.115
512,440.44,502.091
512,492.492,503.067
512,624.624,504.044
512,615.114,505.021
512,573.5,505.997
512,1038.54,506.974
512,996.496,507.95
512,449.949,508.927
512,440.5,509.903
512,433.934,510.88
512,373,511.856
512,389.389,512.833
512,372,513.811
512,377.5,514.787
512,380.5,515.764
512,375.375,516.739
512,374.874,517.716
512,378.878,518.692
512,367,519.669
512,446.946,520.646
512,449.5,521.622
512,464.5,522.599
512,463.463,523.575
512,1032.53,524.552
512,1583.08,525.528
512,1572,526.505
512,1434.43,527.481
512,1538.04,528.458
512,1372.87,529.435
512,1528,530.411
512,398,531.388
512,397.5,532.364
512,418.5,533.342
512,408.408,534.317
512,394,535.294
512,407,536.271
512,410.41,537.247
512,454,538.224
512,555.055,539.2
512,523.022,540.177
512,438,541.153
512,402,542.13
512,405.405,543.106
512,407,544.083
512,393,545.06
512,415,546.036
512,400,547.013
512,425,547.989
512,451.951,548.966
512,376.876,549.942
512,389.89,550.919
512,382,551.896
512,435.936,552.871
512,434.5,553.849
512,1425.93,554.825
512,1070.07,555.801
512,441.5,556.777
512,438,557.755
512,1287.79,558.73
512,1422,559.708
512,1188.19,560.685
512,1580.58,561.66
512,1567,562.638
512,1578.08,563.614
512,651.15,564.591
512,405.405,565.566
512,411,566.544
512,404,567.521
512,404.5,568.497
512,407.907,569.474
512,412,570.45
512,548.548,571.427
512,546.046,572.403
512,496.5,573.38
512,409,574.356
512,401,575.333
512,416.416,576.309
512,394,577.285
512,402.5,578.263
512,405.5,579.239
512,471.471,580.215
512,412,581.191
512,412.412,582.168
512,1556.5,583.146
512,554.554,584.122
512,486.986,585.099
512,464.965,586.075
512,427.427,587.052
512,404,588.028
512,1506.51,589.005
512,1564.56,589.98
512,500,590.957
512,432,591.934
512,432,592.91
512,426,593.887
512,429,594.864
512,426,595.841
512,425.926,596.816
512,437.5,597.793
512,440.5,598.77
512,432.5,599.747
512,1478.98,600.723
512,1560.06,601.699
512,1559,602.676
512,1568.07,603.652
512,1564.5,604.629
512,1411.91,605.605
512,944,606.582
512,430,607.559
512,434.434,608.535
512,1473.5,609.513
512,1570.07,610.488
512,1582.08,611.465
512,1559.5,612.441
512,425.5,613.418
512,491,614.396
512,464.464,615.371
512,434,616.348
512,712.212,617.324
512,486,618.301
512,1480.98,619.277
512,1573,620.255
512,1576.08,621.23
512,1565.06,622.207
512,1542,623.184
512,1561.56,624.16
512,1355.5,625.138
512,502.502,626.114
512,420,627.091
512,434,628.067
512,426.426,629.044
512,435.435,630.02
512,429,630.996
512,454,631.973
512,508.008,632.949
512,505.5,633.926
512,636.636,634.902
512,572.572,635.879
512,517,636.855
512,498.498,637.832
512,445.445,638.809
512,432,639.785
512,428.929,640.762
512,1258.76,641.738
512,1584.08,642.714
512,1389,643.691
512,360,644.668
512,377.377,645.645
512,1197.2,646.621
512,435,647.598
512,434.935,648.574
512,427,649.551
512,1312,650.527
512,1580.58,651.504
512,1567.57,652.48
512,1582.5,653.457
512,1569.57,654.434
512,1187.19,655.41
512,497.997,656.386
512,442,657.363
512,432.432,658.34
512,1007.01,659.316
512,516.516,660.293
512,441.441,661.27
512,444.444,662.245
512,426,663.223
512,501,664.199
512,507.507,665.176
512,500.5,666.152
512,506.5,667.129
512,870.87,668.105
512,1541.54,669.081
512,1507,670.059
512,374,671.035
512,390.891,672.012
512,1396.9,672.988
512,646,673.965
512,494.494,674.941
512,507.007,675.918
512,746,676.895
512,1580.58,677.87
512,1268,678.848
512,1107.61,679.824
512,1557.06,680.8
512,1557.56,681.776
512,1567,682.754
512,1480.98,683.729
512,1587.5,684.707
512,1581.58,685.684
512,1365.37,686.66
512,441,687.637
512,434,688.613
512,604,689.59
512,603.604,690.566
512,458.458,691.543
512,431.431,692.52
512,436.937,693.496
512,434.434,694.473
512,430.931,695.448
512,439.5,696.426
512,418.5,697.402
512,409.909,698.378
512,410.5,699.354
512,412,700.331
512,409.909,701.308
512,1294.79,702.284
512,893,703.262
512,1503.5,704.237
512,1591.59,705.214
512,1578,706.191
512,1569.57,707.167
512,1590,708.145
512,1541.54,709.12
512,1554.5,710.098
512,459.959,711.073
512,432,712.051
512,441.441,713.027
512,431,714.004
512,557.557,714.98
512,1565.57,715.956
512,1593.09,716.933
512,520,717.909
512,551.551,718.886
512,548,719.863
512,514.514,720.84
512,408,721.816
512,417.417,722.793
512,410.5,723.77
512,405.405,724.745
512,422.422,725.722
512,431.5,726.698
512,482.982,727.675
512,556.5,728.652
512,519.519,729.628
512,442,730.605
512,408.408,731.582
512,412.912,732.558
512,403.5,733.534
512,409.5,734.512
512,416.416,735.487
512,416.5,736.464
512,1487.5,737.44
512,1563.56,738.417
512,1471.5,739.395
512,1376.38,740.37
512,648.5,741.348
512,1557.56,742.323
512,1517.52,743.3
512,1592.09,744.276
512,1153,745.253
512,415,746.229
512,421.922,747.206
512,452.952,748.183
512,463,749.159
512,408.408,750.136
512,421.922,751.112
512,411.911,752.089
512,787.5,753.066
512,1226.23,754.042
512,509.509,755.019
512,510,755.995
512,507.507,756.972
512,512,757.948
512,1518.52,758.925
512,1530.03,759.901
512,1585.5,760.879
512,1580.58,761.854
512,1551.55,762.831
512,1590.09,763.808
512,1371.5,764.784
512,1572.57,765.761
512,1525.53,766.737
512,1574,767.714
512,1474.47,768.69
512,1580.08,769.667
512,1596.1,770.644
512,1105,771.62
512,500.5,772.597
512,518.518,773.573
512,509.509,774.55
512,520.521,775.526
512,413.413,776.503
512,405.405,777.479
512,452.5,778.456
512,608.107,779.433
512,1557,780.409
512,1583.58,781.386
512,1560,782.362
512,1598.6,783.339
512,1552.05,784.315
512,1273,785.292
512,444.444,786.269
512,441,787.245
512,911.5,788.222
512,1577.08,789.198
512,1602.1,790.174
512,1585.5,791.151
512,531.5,792.128
512,407,793.104
512,421,794.081
512,422.923,795.058
512,532.031,796.034
512,621.121,797.01
512,1584.5,797.987
512,1578.08,798.964
512,1151.65,799.939
512,1237.5,800.917
512,674.674,801.894
512,487.987,802.87
512,514.514,803.847
512,1205.71,804.822
512,1202.2,805.799
512,261.5,806.776
512,787.287,807.753
512,1136.64,808.729
512,1370,809.706
512,1215.71,810.683
512,929.429,811.659
512,1467.97,812.635
512,949,813.612
512,256,814.589
512,356.5,815.565
512,961.461,816.542
512,863.863,817.519
512,1224.72,818.495
512,1091.59,819.471
512,1018.5,820.448
512,490.99,821.425
512,390.39,822.4
512,902.902,823.377
512,1491.5,824.354
512,1011.51,825.331
512,547.547,826.308
512,1046.05,827.284
512,502.002,828.26
512,333.833,829.236
512,337.337,830.213
512,1055,831.19
512,677.177,832.167
512,488.988,833.144
512,536.536,834.119
512,855.354,835.096
512,1120,836.073
512,1121.12,837.05
512,1207.71,838.025
512,936.436,839.002
512,693,839.979
512,625.125,840.955
512,476.5,841.932
512,387,842.908
512,345,843.886
512,565.565,844.861
512,1025.53,845.838
512,1092.5,846.815
512,1016.52,847.792
512,1011.51,848.768
512,1033.5,849.745
512,1025.53,850.722
512,1015.51,851.697
512,1012.01,852.674
512,1149.65,853.65
512,1041.5,854.628
512,1011.01,855.604
512,1038.5,856.58
512,1050.55,857.557
512,1041,858.534
512,1034.03,859.51
512,1047.55,860.486
512,1096.6,861.463
512,1025.02,862.439
512,1019,863.417
512,1016.02,864.393
512,1038.04,865.369
512,1078.58,866.346
512,1062,867.323
512,1067.57,868.299
512,1025.02,869.275
512,1066.07,870.252
512,1040.04,871.229
512,1023.5,872.206
512,1037.54,873.182
512,1143.64,874.158
512,1119.5,875.136
512,1039.04,876.112
512,1032.03,877.088
512,1095.59,878.064
1024,972,0.976562
1024,967.968,1.95312
1024,990.99,2.92969
1024,1192.19,3.90625
1024,1190,4.88281
1024,965.966,5.85938
1024,981.981,6.83594
1024,1029,7.8125
1024,1092.09,8.78906
1024,1024.02,9.76562
1024,985.985,10.7422
1024,1046,11.7188
1024,1001,12.6953
1024,1027.03,13.6719
1024,971,14.6484
1024,1032.03,15.625
1024,997,16.6016
1024,998.998,17.5781
1024,972.973,18.5547
1024,1026.03,19.5312
1024,985,20.5088
1024,1114.11,21.4844
1024,1021.02,22.4609
1024,1014,23.4385
1024,977.978,24.4141
1024,978.979,25.3906
1024,965.966,26.3672
1024,1060,27.3438
1024,1035.03,28.3203
1024,986,29.2969
1024,1116.12,30.2734
1024,980,31.25
1024,982,32.2266
1024,996.996,33.2031
1024,1056.06,34.1797
1024,1357.36,35.1562
1024,1141,36.1328
1024,974.975,37.1094
1024,972.973,38.0859
1024,986.986,39.0625
1024,1050,40.04
1024,974.975,41.0156
1024,986,41.9922
1024,994.994,42.9688
1024,994.994,43.9453
1024,1346,44.9219
1024,1069.07,45.8984
1024,918,46.875
1024,1046.05,47.8516
1024,1002,48.8291
1024,998.998,49.8047
1024,1123.12,50.7812
1024,1033,51.7588
1024,1059.06,52.7344
1024,982.982,53.7109
1024,1015.01,54.6875
1024,1395,55.6641
1024,1101.1,56.6406
1024,1078.08,57.6172
1024,986.986,58.5938
1024,1095.09,59.5703
1024,1016,60.5479
1024,1037.04,61.5234
1024,1017.02,62.5
1024,978,63.4775
1024,1018.02,64.4531
1024,1094.09,65.4297
1024,1096.1,66.4062
1024,1036,67.3838
1024,1038.04,68.3594
1024,1031.03,69.3359
1024,1075.07,70.3125
1024,1132,71.2891
1024,989.989,72.2656
1024,988,73.2422
1024,987.987,74.2188
1024,1012.01,75.1953
1024,1035.03,76.1719
1024,1139,77.1484
1024,1065.06,78.125
1024,1000,79.1016
1024,1137,80.0791
1024,990.99,81.0547
1024,1036.04,82.0312
1024,981,83.0078
1024,1125.12,83.9844
1024,959.959,84.9609
1024,1112,85.9385
1024,1022.02,86.9141
1024,1011.01,87.8906
1024,1023.02,88.8672
1024,1062,89.8438
1024,1121.12,90.8203
1024,1153.15,91.7969
1024,981,92.7734
1024,993.993,93.75
1024,984.984,94.7266
1024,989.989,95.7031
1024,1109,96.6797
1024,1123.12,97.6562
1024,1002,98.6338
1024,992.992,99.6094
1024,1004,100.586
1024,1021.02,101.562
1024,1114,102.539
1024,1059.06,103.516
1024,1160,104.492
1024,982.982,105.469
1024,1084.08,106.445
1024,962,107.423
1024,978.979,108.398
1024,977.978,109.375
1024,1131.13,110.352
1024,1352,111.328
1024,1190.19,112.305
1024,998.998,113.281
1024,1167.17,114.258
1024,1038,115.234
1024,1024.02,116.211
1024,1007.01,117.188
1024,1077.08,118.164
1024,1076,119.142
1024,1021.02,120.117
1024,1020.02,121.094
1024,1091,122.07
1024,1090.09,123.047
1024,995.995,124.023
1024,981,125.001
1024,1021.02,125.977
1024,1074.07,126.953
1024,1022.02,127.93
1024,1115,128.907
1024,998.998,129.883
1024,1147.15,130.859
1024,997,131.836
1024,1060.06,132.812
1024,1025.02,133.789
1024,1090,134.767
1024,1022.02,135.742
1024,1098.1,136.719
1024,1049,137.695
1024,1101.1,138.672
1024,1023.02,139.648
1024,1028,140.625
1024,1073.07,141.602
1024,1011,142.578
1024,1142.14,143.555
1024,1098.1,144.531
1024,1014.01,145.508
1024,1029,146.484
1024,1017.02,147.461
1024,1105.1,148.438
1024,1083,149.415
1024,1055.05,150.391
1024,1041.04,151.367
1024,1031.03,152.344
1024,1099,153.321
1024,1046.05,154.297
1024,1064.06,155.273
1024,1020.02,156.25
1024,1219,157.228
1024,1209.21,158.203
1024,1106.11,159.18
1024,1066,160.156
1024,1088.09,161.133
1024,1012,162.11
1024,1056.06,163.086
1024,1301.3,164.062
1024,1206,165.039
1024,1021.02,166.016
1024,1076,166.993
1024,1045.04,167.969
1024,1030.03,168.945
1024,1060,169.923
1024,1300.3,170.898
1024,1150.15,171.875
1024,1024,172.852
1024,985.985,173.828
1024,1047,174.805
1024,1025.02,175.781
1024,1020.02,176.758
1024,1003,177.734
1024,1065,178.711
1024,1106.11,179.688
1024,1166.17,180.664
1024,1042,181.641
1024,1069.07,182.617
1024,1085,183.594
1024,1002,184.57
1024,997,185.548
1024,1060.06,186.523
1024,1071,187.501
1024,1136.14,188.477
1024,1185.18,189.453
1024,987,190.43
1024,1116,191.407
1024,1081.08,192.383
1024,980,193.36
1024,1109.11,194.336
1024,1264.26,195.312
1024,1046,196.289
1024,1044.04,197.266
1024,1066.07,198.242
1024,1136,199.219
1024,1018.02,200.195
1024,1195,201.172
1024,1070.07,202.148
1024,1182.18,203.125
1024,1099,204.102
1024,1095.09,205.078
1024,1013.01,206.055
1024,1041,207.031
1024,1013.01,208.008
1024,1341.34,208.984
1024,1103,209.961
1024,1195.19,210.938
1024,1044.04,211.914
1024,1064.06,212.891
1024,1103,213.867
1024,1141.14,214.844
1024,1127,215.82
1024,1125.12,216.797
1024,975.976,217.773
1024,1004,218.751
1024,1056.06,219.727
1024,1139.14,220.703
1024,1138.14,221.68
1024,1192,222.656
1024,1015.01,223.633
1024,1163.16,224.609
1024,1031,225.586
1024,1133.13,226.562
1024,1022,227.539
1024,1051.05,228.516
1024,984,229.492
1024,1034.03,230.469
1024,1002,231.445
1024,1045,232.422
1024,1045.04,233.398
1024,1152,234.376
1024,1080,235.353
1024,1045.04,236.328
1024,1140.14,237.305
1024,1096,238.282
1024,1068.07,239.258
1024,1157.16,240.234
1024,1236.24,241.211
1024,1123,242.188
1024,1097.1,243.164
1024,1202.2,244.141
1024,1111.11,245.117
1024,1030,246.094
1024,1078.08,247.07
1024,1269.27,248.047
1024,1219,249.023
1024,1212.21,250
1024,1111,250.978
1024,1038.04,251.953
1024,1048.05,252.93
1024,1294,253.906
1024,1612.61,254.883
1024,1073,255.859
1024,1037.04,256.836
1024,1076,257.813
1024,1015.01,258.789
1024,1006.01,259.766
1024,1040,260.743
1024,1447.45,261.719
1024,1108.11,262.695
1024,1081,263.673
1024,1245.25,264.648
1024,1043,265.625
1024,1075.07,266.602
1024,1029.03,267.578
1024,1013,268.555
1024,1055.05,269.531
1024,1205,270.509
1024,1174.17,271.484
1024,1087.09,272.461
1024,1147,273.438
1024,1176,274.414
1024,1116.12,275.391
1024,1122,276.367
1024,1091.09,277.344
1024,1188,278.32
1024,1087,279.297
1024,1061.06,280.273
1024,1094.09,281.25
1024,1103.1,282.227
1024,1036,283.204
1024,1182.18,284.18
1024,1146.15,285.156
1024,1113,286.133
1024,1076.08,287.109
1024,1254.25,288.086
1024,1183,289.062
1024,1119.12,290.039
1024,1150,291.016
1024,1106,291.992
1024,1130.13,292.969
1024,1159,293.945
1024,1236.24,294.922
1024,1110,295.898
1024,1035.03,296.875
1024,1027,297.852
1024,1019.02,298.828
1024,1333,299.805
1024,1202.2,300.781
1024,1124.12,301.758
1024,1105,302.734
1024,1139.14,303.711
1024,1240.24,304.688
1024,1263,305.664
1024,1120.12,306.641
1024,1153,307.617
1024,1112.11,308.594
1024,1090.09,309.57
1024,1101,310.547
1024,1189.19,311.523
1024,1126.13,312.5
1024,1122.12,313.477
1024,1179,314.453
1024,1206.21,315.43
1024,1264.26,316.406
1024,1057,317.384
1024,1049.05,318.359
1024,1161.16,319.336
1024,1273,320.312
1024,1190.19,321.289
1024,1136.14,322.266
1024,1145,323.242
1024,1094.09,324.219
1024,1027.03,325.195
1024,1175,326.173
1024,1080.08,327.148
1024,1138.14,328.125
1024,1113,329.102
1024,1153.15,330.078
1024,1092.09,331.055
1024,1052,332.031
1024,1049.05,333.008
1024,1432,333.984
1024,1188.19,334.961
1024,1092,335.938
1024,1247.25,336.914
1024,1088.09,337.891
1024,1070,338.867
1024,1220.22,339.844
1024,1128,340.82
1024,1112.11,341.797
1024,1174,342.773
1024,1050,343.75
1024,1295.29,344.727
1024,1098,345.703
1024,1070.07,346.68
1024,1155,347.657
1024,1070.07,348.633
1024,1170.17,349.609
1024,1145.14,350.586
1024,1111,351.563
1024,1108.11,352.539
1024,1198.2,353.516
1024,1152,354.492
1024,1119.12,355.469
1024,1139,356.446
1024,1112.11,357.422
1024,1120.12,358.398
1024,1148,359.375
1024,1435.43,360.352
1024,1127,361.328
1024,1113,362.305
1024,1187.19,363.281
1024,1171,364.258
1024,1308.31,365.234
1024,1256,366.211
1024,1139.14,367.188
1024,1153,368.164
1024,1094,369.142
1024,1236.24,370.117
1024,1132.13,371.094
1024,1218,372.07
1024,1173.17,373.047
1024,1120.12,374.023
1024,1071,375
1024,1161.16,375.977
1024,1465,376.953
1024,1226.23,377.93
1024,1152,378.906
1024,1135.13,379.883
1024,1251.25,380.859
1024,1127,381.836
1024,1114.11,382.812
1024,1077.08,383.789
1024,1342.34,384.766
1024,1244,385.742
1024,1127,386.719
1024,1288.29,387.695
1024,1244.24,388.672
1024,1202,389.648
1024,1208.21,390.625
1024,1182.18,391.602
1024,1235,392.578
1024,1224.22,393.555
1024,1171.17,394.531
1024,1218,395.508
1024,1211.21,396.484
1024,1150.15,397.461
1024,1303,398.438
1024,1257.26,399.414
1024,1212,400.391
1024,1127.13,401.367
1024,1208,402.344
1024,1203.2,403.32
1024,1126.13,404.297
1024,1205,405.273
1024,1279.28,406.25
1024,1185.18,407.227
1024,1157,408.204
1024,1214.21,409.18
1024,1326.33,410.156
1024,1054.05,411.133
1024,1169,412.109
1024,1114.11,413.086
1024,1315.31,414.062
1024,1046,415.04
1024,1096.1,416.016
1024,1098.1,416.992
1024,1294.29,417.969
1024,1236,418.945
1024,1296.3,419.922
1024,1359.36,420.898
1024,1273,421.876
1024,1146.15,422.852
1024,1258.26,423.828
1024,1205.21,424.805
1024,1228,425.782
1024,1102.1,426.758
1024,1200.2,427.734
1024,1219,428.711
1024,1210.21,429.688
1024,1164,430.665
1024,1295.29,431.641
1024,1222.22,432.617
1024,1182,433.594
1024,1299.3,434.57
1024,1210.21,435.547
1024,1135.13,436.523
1024,1140,437.5
1024,1134.13,438.477
1024,1449.45,439.453
1024,1295,440.43
1024,1112.11,441.406
1024,1092.09,442.383
1024,1067,443.359
1024,1356.36,444.336
1024,1300.3,445.312
1024,1262,446.289
1024,1182.18,447.266
1024,1134,448.242
1024,1171.17,449.219
1024,1335,450.196
1024,1219.22,451.172
1024,1126.13,452.148
1024,1263,453.125
1024,1091.09,454.102
1024,1190.19,455.078
1024,1095.09,456.055
1024,1458,457.031
1024,1250.25,458.008
1024,1166.17,458.984
1024,1151,459.961
1024,1218.22,460.938
1024,1342.34,461.914
1024,1416,462.891
1024,1226.23,463.867
1024,1241,464.845
1024,1233.23,465.82
1024,1352.35,466.797
1024,1272.27,467.773
1024,1255,468.75
1024,1339.34,469.727
1024,1237,470.703
1024,1293.29,471.68
1024,1313,472.656
1024,1279.28,473.633
1024,1231,474.609
1024,1123.12,475.586
1024,1396.4,476.562
1024,1272,477.54
1024,1190.19,478.516
1024,1296.3,479.492
1024,1251,480.469
1024,1290.29,481.445
1024,1276.28,482.422
1024,1553,483.398
1024,1382.38,484.375
1024,1246,485.353
1024,1275.27,486.328
1024,1293.29,487.305
1024,1245.25,488.281
1024,1212,489.258
1024,1219.22,490.234
1024,1267,491.211
1024,1346.35,492.188
1024,1170,493.164
1024,1253.25,494.141
1024,1221,495.117
1024,1196.2,496.094
1024,1192.19,497.07
1024,1461,498.047
1024,1336,499.024
1024,1184.18,500
1024,1212.21,500.977
1024,1194,501.954
1024,1485.49,502.93
1024,1294,503.907
1024,1275.27,504.883
1024,1305.3,505.859
1024,1222,506.837
1024,1494.49,507.812
1024,1306,508.789
1024,1191.19,509.766
1024,1209,510.742
1024,1284.28,511.719
1024,1204.2,512.695
1024,1212,513.672
1024,1260.26,514.648
1024,1481,515.626
1024,1355.35,516.602
1024,1319.32,517.578
1024,1474,518.556
1024,1262.26,519.531
1024,1258.26,520.508
1024,1290,521.484
1024,1304.3,522.461
1024,1153,523.438
1024,1273.27,524.414
1024,1268.27,525.391
1024,1270,526.367
1024,1290.29,527.344
1024,1532.53,528.32
1024,1296,529.297
1024,1296.3,530.273
1024,1316,531.25
1024,1327.33,532.227
1024,1255.25,533.203
1024,1249,534.181
1024,1395.39,535.156
1024,1277.28,536.133
1024,1295,537.109
1024,1306.31,538.086
1024,1285.29,539.062
1024,1301,540.039
1024,1290.29,541.016
1024,1274,541.992
1024,1184.18,542.969
1024,1200.2,543.945
1024,1125,544.922
1024,1253.25,545.898
1024,1373.37,546.875
1024,1298.3,547.852
1024,1208,548.828
1024,1296.3,549.805
1024,1249.25,550.781
1024,1270,551.758
1024,1261,552.734
1024,1369.37,553.711
1024,1250,554.688
1024,1181.18,555.664
1024,1155,556.642
1024,1308.31,557.617
1024,1433,558.594
1024,1316.32,559.57
1024,1264,560.547
1024,1210.21,561.523
1024,1206,562.5
1024,1386.39,563.477
1024,1344,564.453
1024,1243.24,565.43
1024,1284.28,566.406
1024,1311,567.383
1024,1263.26,568.359
1024,1319.32,569.336
1024,1360.36,570.312
1024,1253,571.289
1024,1222.22,572.266
1024,1256.26,573.242
1024,1326,574.219
1024,1354.35,575.195
1024,1368,576.172
1024,1260.26,577.148
1024,1271,578.125
1024,1279.28,579.102
1024,1250.25,580.078
1024,1355.35,581.055
1024,1312,582.031
1024,1391.39,583.008
1024,1277.28,583.984
1024,1379,584.961
1024,1423.42,585.938
1024,1300,586.914
1024,1327.33,587.891
1024,1376.38,588.867
1024,1325,589.844
1024,1316.32,590.82
1024,1276,591.797
1024,1393.39,592.773
1024,1594,593.75
1024,1289,594.727
1024,1304.3,595.703
1024,1252,596.68
1024,1466,597.656
1024,1376,598.634
1024,1351.35,599.609
1024,1251,600.587
1024,1334.33,601.562
1024,1391.39,602.539
1024,1316,603.516
1024,1242.24,604.492
1024,1190.19,605.469
1024,1114,606.445
1024,1444.44,607.422
1024,1294,608.398
1024,1207.21,609.375
1024,1244,610.353
1024,1312.31,611.328
1024,1390.39,612.305
1024,1286,613.281
1024,1204.2,614.258
1024,1203,615.234
1024,1225.22,616.211
1024,1410.41,617.188
1024,1365,618.164
1024,1136.14,619.141
1024,1194.19,620.117
1024,1283,621.095
1024,1245.25,622.07
1024,1244,623.047
1024,1253.25,624.023
1024,1219.22,625
1024,1463,625.978
1024,1375.38,626.953
1024,1276.28,627.93
1024,1324,628.907
1024,1422.42,629.883
1024,1431.43,630.859
1024,1370,631.836
1024,1383.38,632.812
1024,1438.44,633.789
1024,1375,634.766
1024,1274.27,635.742
1024,1317.32,636.719
1024,1275,637.696
1024,1291.29,638.672
1024,1273.27,639.648
1024,1168,640.626
1024,1270.27,641.602
1024,1421,642.578
1024,1330.33,643.555
1024,1211,644.531
1024,1272.27,645.508
1024,1308,646.484
1024,1409.41,647.461
1024,1310,648.438
1024,1279.28,649.414
1024,1296,650.391
1024,1482.48,651.367
1024,1343,652.344
1024,1304.3,653.32
1024,1331,654.297
1024,1301.3,655.273
1024,1441,656.25
1024,1414.41,657.227
1024,1377,658.204
1024,1325.33,659.18
1024,1238.24,660.156
1024,1394,661.133
1024,1377.38,662.109
1024,1385,663.086
1024,1342.34,664.062
1024,1345,665.039
1024,1398,666.017
1024,1336.34,666.992
1024,1335,667.97
1024,1433.43,668.945
1024,1384.38,669.922
1024,1367,670.898
1024,1487.49,671.875
1024,1454,672.852
1024,1445.45,673.828
1024,1425,674.805
1024,1406.41,675.781
1024,1425,676.758
1024,1336.34,677.734
1024,1401,678.711
1024,1326,679.688
1024,1509.51,680.664
1024,1348.35,681.641
1024,1384,682.617
1024,1381.38,683.594
1024,1391,684.57
1024,1452.45,685.547
1024,1390,686.523
1024,1389.39,687.5
1024,1348,688.478
1024,1334.33,689.453
1024,1409.41,690.43
1024,1414,691.406
1024,1399.4,692.383
1024,1467.47,693.359
1024,1448,694.336
1024,1416.42,695.312
1024,1417,696.29
1024,1505.5,697.266
1024,1514.51,698.242
1024,1396,699.219
1024,1477.48,700.195
1024,1338.34,701.172
1024,1526,702.148
1024,1482.48,703.125
1024,1438,704.103
1024,1454.45,705.078
1024,1435.43,706.055
1024,1456,707.031
1024,1441.44,708.008
1024,1487,708.984
1024,1508.51,709.961
1024,1501,710.938
1024,1430,711.914
1024,1516.52,712.891
1024,1469,713.867
1024,1467.47,714.844
1024,1405.41,715.82
1024,1443,716.797
1024,1498.5,717.773
1024,1454,718.75
1024,1491.49,719.727
1024,1515,720.703
1024,1432.43,721.68
1024,1435.43,722.656
1024,1512,723.633
1024,1443.44,724.609
1024,1460.46,725.586
1024,1575,726.562
1024,1478.48,727.539
1024,1460,728.516
1024,1513.51,729.492
1024,1402,730.469
1024,1464.46,731.445
1024,1446,732.422
1024,1548.55,733.398
1024,1502.5,734.375
1024,1444,735.352
1024,1436,736.329
1024,1472.47,737.305
1024,1479.48,738.281
1024,1489,739.258
1024,1549.55,740.234
1024,1489,741.211
1024,1544.54,742.188
1024,1523,743.164
1024,1523.52,744.141
1024,1542,745.117
1024,1494.49,746.094
1024,1484,747.07
1024,1479.48,748.047
1024,1471.47,749.023
1024,1558,750
1024,1528.53,750.977
1024,1525,751.953
1024,1495,752.93
1024,1517.52,753.906
1024,1496.5,754.883
1024,1514,755.86
1024,1473.47,756.836
1024,1520.52,757.812
1024,1537.54,758.789
1024,1479,759.766
1024,1565,760.743
1024,1467.47,761.719
1024,1488,762.696
1024,1575.58,763.672
1024,1554,764.649
1024,1484.48,765.625
1024,1545,766.603
1024,1488.49,767.578
1024,1520,768.555
1024,1492.49,769.531
1024,1498,770.508
1024,1486.49,771.484
1024,1428,772.461
1024,1493.49,773.438
1024,1526,774.414
1024,1452.45,775.391
1024,1507,776.367
1024,1541.54,777.344
1024,1511,778.32
1024,1397.4,779.297
1024,1546,780.273
1024,1491.49,781.25
1024,1558,782.228
1024,1555.55,783.203
1024,1451,784.18
1024,1576.58,785.156
1024,1501,786.133
1024,1539.54,787.109
1024,1487.49,788.086
1024,1523,789.062
1024,1563.56,790.039
1024,1497,791.016
1024,1514.51,791.992
1024,1511,792.97
1024,1482.48,793.945
1024,1474.47,794.922
1024,1565,795.898
1024,1535,796.876
1024,1494.49,797.852
1024,1524.52,798.828
1024,1503,799.805
1024,1501.5,800.781
1024,1512,801.758
1024,1542.54,802.734
1024,1446.45,803.711
1024,1487,804.688
1024,1543.54,805.664
1024,1513,806.641
1024,1427.43,807.617
1024,1463,808.594
1024,1542.54,809.57
1024,1422,810.547
1024,1528.53,811.523
1024,1538,812.5
1024,1487.49,813.477
1024,1566.57,814.453
1024,1509,815.431
1024,1546.55,816.406
1024,1507.51,817.383
1024,1541,818.359
1024,1537.54,819.336
1024,1514,820.312
1024,1425.42,821.289
1024,1587,822.266
1024,1529.53,823.242
1024,1557.56,824.219
1024,1517,825.195
1024,1495.5,826.172
1024,1545.54,827.148
1024,1549,828.125
1024,1544,829.102
1024,1527.53,830.078
1024,1477.48,831.055
1024,1580,832.031
1024,1545,833.009
1024,1521.52,833.984
1024,1509,834.962
1024,1457.46,835.938
1024,1539.54,836.914
1024,1500,837.891
1024,1507.51,838.867
1024,1559,839.844
1024,1578.58,840.82
1024,1477,841.797
1024,1572.57,842.773
1024,1537,843.751
1024,1477.48,844.727
1024,1572.57,845.703
1024,1475,846.68
1024,1563.56,847.656
1024,1535,848.634
1024,1549.55,849.609
1024,1442.44,850.586
1024,1471,851.562
1024,1534.53,852.539
1024,1590.59,853.516
1024,1465,854.492
1024,1572.57,855.469
1024,1542,856.445
1024,1526.53,857.422
1024,1584,858.398
1024,1470.47,859.375
1024,1542,860.352
1024,1525,861.328
1024,1543.54,862.305
1024,1543,863.281
1024,1489.49,864.258
1024,1534,865.234
1024,1507.51,866.211
1024,1427.43,867.188
1024,1538,868.164
1024,1577.58,869.141
1024,1504,870.117
1024,1533.53,871.094
1024,1550,872.07
1024,1559.56,873.047
1024,1551.55,874.023
1024,1508.51,875
1024,1595,875.977
1024,1499.5,876.953
1024,1555,877.931
